id,name,username,email,address,street,suite,city,zipcode,geo,lat,lng,phone,website,company,companyName,catchPhrase,bs,created_at,updated_at
82192568,Kenna Adams II,leslie19,zhayes@kshlerin.com,,Macejkovic Trafficway,Sunt sint autem.,Ortizburgh,54981,,-49.467638,-28.734154,617.553.3382,mitchell.com,,Zboncak-Muller,Extended 6thgeneration moratorium,redefine customized markets,1457453419,599588182
347176,Derick Stroman,viva03,mueller.zoila@sauer.net,,Thompson Road,Qui cupiditate.,Lake Marjolaine,51696-6163,,65.796664,94.632336,1-835-868-2266,hane.com,,Kerluke Bechtelar and Abernathy,Operative holistic frame,reinvent vertical networks,559512267,213010703
84278626,Osvaldo Pollich,agutkowski,weber.catherine@yahoo.com,,Santa Falls,Non modi vel.,Lake Emerald,06621,,49.960082,154.327341,+15329662892,sporer.net,,Osinski Denesik and Von,Extended intangible portal,evolve holistic vortals,558389593,937251080
655009,Germaine Mertz,ayana87,chaim.luettgen@parker.com,,Otto Port,Natus non.,Marilyneport,22946-4179,,-55.461694,-36.343373,(681) 449-6548,schulist.biz,,Nolan Ltd,Re-engineered impactful firmware,architect sexy bandwidth,1507437565,1573665079
1313,Sebastian Welch,ullrich.jonatan,kohler.alanis@goyette.net,,Easter Mill,Et aspernatur voluptas.,New Jovany,80326,,57.426337,-5.939024,+1-380-459-1418,wilkinson.info,,Waters Carroll and Klein,Focused transitional toolset,leverage robust initiatives,81625419,1505111397
738,Clark Bashirian,kspencer,jabari.mcclure@weimann.com,,Aryanna Squares,Quidem porro.,Juliethaven,89453,,-51.446124,-35.68375,1-754-770-7574,hegmann.com,,Wiza Davis and Ullrich,Visionary discrete superstructure,scale clicks-and-mortar synergies,943645921,1108055795
43849,Jace Corwin,kurt61,ccruickshank@gmail.com,,Abigayle Run,Accusamus possimus voluptatem.,Lake Marjorie,27382-9171,,-47.910475,-145.594052,495.626.1242,johnston.info,,Wunsch-Stokes,Re-engineered clear-thinking leverage,streamline interactive networks,1561366919,1041049183
73931327,Prof. Luciano Hermiston,mayer.amaya,cora.fadel@gmail.com,,Crooks Corner,Explicabo placeat quisquam.,Kunzeburgh,85735,,-64.854101,-11.101037,(691) 867-8539,towne.com,,Wiegand-Rempel,Reactive analyzing functionalities,monetize killer users,1011967687,602710314
2855657,Emile Lehner,kertzmann.pat,abbey.smitham@yahoo.com,,Smitham Junctions,Voluptatem minima delectus.,Dangelostad,85720,,80.740894,64.274484,262.758.3437,boehm.org,,Orn-McGlynn,Fundamental hybrid application,integrate customized methodologies,48188525,1315196917
22877551,Samantha Jast Sr.,cpredovic,bayer.victor@zboncak.biz,,Cleta Dale,Non est minima.,North Jannie,99992-3348,,-0.398402,-76.208411,307.473.4383,hills.com,,Schowalter LLC,Decentralized clear-thinking emulation,extend vertical mindshare,1555099726,231316629
1,Brandyn Cartwright,bonita.roberts,ericka.leannon@ratke.com,,Donnelly Drive,Nihil non.,New Amaliatown,17326-6407,,-3.135357,96.167772,+1 (319) 901-1250,wolf.com,,Runolfsdottir Romaguera and Pfeffer,Enterprise-wide methodical benchmark,target enterprise e-business,545673311,1124874733
7263,Dr. Ansley Johns MD,noelia03,alec.beer@gmail.com,,Lakin Station,Suscipit qui.,Kerlukemouth,07274,,5.22633,-134.094939,(876) 345-1807,cronin.com,,Stiedemann Koelpin and Herman,Universal high-level matrix,reintermediate magnetic webservices,259564499,265017990
80707574,Mrs. Leonor Rath I,murphy.jon,nicolette.berge@hotmail.com,,Gibson Extension,Impedit aut perspiciatis.,North Kurtis,12524-7692,,4.163317,81.073344,795.913.8062,olson.com,,Halvorson-Senger,Switchable 3rdgeneration portal,maximize efficient communities,1435215455,1111427207
9,Roberto Moen,christ01,dudley29@bednar.com,,Labadie Spring,Dolorem dolores omnis.,Jastmouth,23184-7482,,40.194267,167.302222,+1-301-441-2844,rolfson.com,,Gerhold PLC,Re-contextualized homogeneous groupware,target 24/7 e-tailers,1113823140,70821093
226628804,Jasper Considine Sr.,cheyenne97,maribel.nader@yahoo.com,,Davin Fall,Nostrum non.,New Ismael,60772,,17.389024,46.979155,+1-685-914-0639,nikolaus.com,,Morar Inc,Reactive logistical budgetarymanagement,incubate rich functionalities,556439710,354193932
